DATE ADDED TO CATALOG,PUBMEDID,FIRST AUTHOR,DATE,JOURNAL,LINK,STUDY,DISEASE/TRAIT,INITIAL SAMPLE SIZE,REPLICATION SAMPLE SIZE,REGION,CHR_ID,CHR_POS,REPORTED GENE(S),MAPPED_GENE,UPSTREAM_GENE_ID,DOWNSTREAM_GENE_ID,SNP_GENE_IDS,UPSTREAM_GENE_DISTANCE,DOWNSTREAM_GENE_DISTANCE,STRONGEST SNP-RISK ALLELE,SNPS,MERGED,SNP_ID_CURRENT,CONTEXT,INTERGENIC,RISK ALLELE FREQUENCY,P-VALUE,PVALUE_MLOG,P-VALUE (TEXT),OR or BETA,95% CI (TEXT),PLATFORM [SNPS PASSING QC],CNV
2017-08-30,27863252,Astle WJ,2016-11-17,Cell,www.ncbi.nlm.nih.gov/pubmed/27863252,The Allelic Landscape of Human Blood Cell Trait Variation and Links to Common Complex Disease.,Mean corpuscular hemoglobin,"172,332 European ancestry individuals",,17p13.1,17,7668434,TP53,TP53,,,ENSG00000141510,,,rs78378222-G,rs78378222,0,78378222,3_prime_UTR_variant,0,0.0121,6E-9,8.221848749616356,,0.09653765,[0.064-0.129] unit decrease,Affymetrix [~ 2500000] (imputed),N
2017-08-11,28545128,McDaniel LD,2017-05-18,PLoS Genet,www.ncbi.nlm.nih.gov/pubmed/28545128,Common variants upstream of MLF1 at 3q25 and within CPZ at 4p16 associated with neuroblastoma.,Sporadic neuroblastoma,"2,101 European ancestry child cases, 4,202 European ancestry controls","365 African American child cases, 2,491 African American controls, 427 European ancestry cases, 783 European ancestry controls, 371 cases, 1,122 controls",17p13.1,17,7675353,TP53,TP53,,,ENSG00000141510,,,rs35850753-T,rs35850753,0,35850753,5_prime_UTR_variant,0,0.020167,1E-8,8.0,(European American),1.9466,[1.57-2.43],Illumina [7968453] (imputed),N
2019-10-21,31174203,Liyanage UE,2019-06-07,Hum Mol Genet,www.ncbi.nlm.nih.gov/pubmed/31174203,Combined analysis of keratinocyte cancers identifies novel genome-wide loci.,Basal cell carcinoma,"31,787 European ancestry cases, 619,351 European ancestry controls",,17p13.1,17,7668434,TP53,TP53,,,ENSG00000141510,,,rs78378222-G,rs78378222,0,78378222,3_prime_UTR_variant,0,0.010825,6E-33,32.221848749616356,,1.4925373,[1.37-1.67],"Affymetrix, Illumina [up to 9061544] (imputed)",N
2019-10-21,31174203,Liyanage UE,2019-06-07,Hum Mol Genet,www.ncbi.nlm.nih.gov/pubmed/31174203,Combined analysis of keratinocyte cancers identifies novel genome-wide loci.,Keratinocyte cancer (MTAG),"at least 18,538 European ancestry cases, at least 340,302 European ancestry controls",,17p13.1,17,7668434,TP53,TP53,,,ENSG00000141510,,,rs78378222-G,rs78378222,0,78378222,3_prime_UTR_variant,0,0.011814,4E-25,24.397940008672037,,1.4285715,[1.33-1.54],Affymetrix [7600000] (imputed),N
2017-03-11,27539887,Chahal HS,2016-08-19,Nat Commun,www.ncbi.nlm.nih.gov/pubmed/27539887,Genome-wide association study identifies 14 novel risk alleles associated with basal cell carcinoma.,Basal cell carcinoma,"12.945 European ancestry cases, 274,252 European ancestry controls","4,242 European ancestry cases, 12,802 European ancestry controls",17p13.1,17,7668434,TP53,TP53,,,ENSG00000141510,,,rs78378222-G,rs78378222,0,78378222,3_prime_UTR_variant,0,0.01,2E-10,9.698970004336019,,1.41,[NR],Illumina [at least 560000] (imputed),N
2019-11-18,31624269,Terao C,2019-10-17,Nat Commun,www.ncbi.nlm.nih.gov/pubmed/31624269,GWAS of mosaic loss of chromosome Y highlights genetic effects on blood cell differentiation.,Mosaic loss of chromosome Y (Y chromosome dosage),"95,380 Japanese men",,17p13.1,17,7676387,TP53,TP53,,,ENSG00000141510,,,rs201753350-T,rs201753350,0,201753350,missense_variant,0,0.0062,1E-8,8.0,,0.15,NR unit decrease,Illumina [9591901] (imputed),N
2019-12-05,31649266,Gallagher CS,2019-10-24,Nat Commun,www.ncbi.nlm.nih.gov/pubmed/31649266,Genome-wide association and epidemiological analyses reveal common genetic origins between uterine leiomyomata and endometriosis.,Uterine fibroids,"20,406 European ancestry cases, 223,918 European ancestry controls","15,068 European ancestry cases, 43,587 European ancestry controls",17p13.1,17,7668434,"SHBG, TP53",TP53,,,ENSG00000141510,,,rs78378222-T,rs78378222,0,78378222,3_prime_UTR_variant,0,0.99,7E-31,30.154901959985743,,1.54,[1.43-1.66],"Affymetrix, Illumina [8662096] (imputed)",N
2019-03-07,30578418,Giri A,2018-12-21,Nat Genet,www.ncbi.nlm.nih.gov/pubmed/30578418,"Trans-ethnic association study of blood pressure determinants in over 750,000 individuals.",Diastolic blood pressure,"365,998 European ancestry individuals, 63,490 African ancestry individuals, 22,802 Hispanic individuals, 4,792 Asian ancestry individuals, 2,695 Native American ancestry individuals","299,024 European ancestry individuals, 17,277 individuals",17p13.1,17,7668434,TP53,TP53,,,ENSG00000141510,,,rs78378222-G,rs78378222,0,78378222,3_prime_UTR_variant,0,0.6535,3E-15,14.522878745280337,,1.0386,[0.78-1.3] mmHg decrease,Affymetrix [NR] (imputed),N
2020-07-21,32203549,Richardson TG,2020-03-23,PLoS Med,www.ncbi.nlm.nih.gov/pubmed/32203549,Evaluating the relationship between circulating lipoprotein lipids and apolipoproteins with risk of coronary heart disease: A multivariable Mendelian randomisation analysis.,LDL cholesterol levels,"440,546 European ancestry individuals",,17p13.1,17,7667762,TP53,TP53,,,ENSG00000141510,,,rs9894946-A,rs9894946,0,9894946,intron_variant,0,0.158891,2E-9,8.698970004336019,,0.0175495,[0.012-0.023] unit increase,Affymetrix [NR] (imputed),N
2020-01-27,28346444,Wright DJ,2017-03-27,Nat Genet,www.ncbi.nlm.nih.gov/pubmed/28346444,Genetic variants associated with mosaic Y chromosome loss highlight cell cycle genes and overlap with cancer susceptibility.,Cancer,"7,745 European ancestry male cases, 58,562 European ancestry male controls",,17p13.1,17,7668434,TP53,TP53,,,ENSG00000141510,,,rs78378222-T,rs78378222,0,78378222,3_prime_UTR_variant,0,0.99,8E-6,5.096910013008056,,0.0267,[0.015-0.038] unit decrease,Affymetrix [at least 641018] (imputed),N
2020-01-07,28346444,Wright DJ,2017-03-27,Nat Genet,www.ncbi.nlm.nih.gov/pubmed/28346444,Genetic variants associated with mosaic Y chromosome loss highlight cell cycle genes and overlap with cancer susceptibility.,Mosaic loss of chromosome Y (Y chromosome dosage),"67,034 European ancestry men","8,715 European ancestry men, 9,793 men",17p13.1,17,7668434,TP53,TP53,,,ENSG00000141510,,,rs78378222-G,rs78378222,0,78378222,3_prime_UTR_variant,0,0.01,3E-28,27.522878745280337,,0.013,NR unit decrease,Affymetrix [at least 641018] (imputed),N
2020-07-23,32341527,Landi MT,2020-04-27,Nat Genet,www.ncbi.nlm.nih.gov/pubmed/32341527,Genome-wide association meta-analyses combining multiple risk phenotypes provide insights into the genetic architecture of cutaneous melanoma susceptibility.,Cutaneous malignant melanoma,"36,760 European ancestry cases, 375,188 European ancestry controls",,17p13.1,17,7668434,TP53,TP53,,,ENSG00000141510,,,rs78378222-G,rs78378222,0,78378222,3_prime_UTR_variant,0,0.0108,3E-10,9.522878745280337,,1.321353,NR,"Affymetrix, Illumina [NR] (imputed)",N
2020-07-23,32341527,Landi MT,2020-04-27,Nat Genet,www.ncbi.nlm.nih.gov/pubmed/32341527,Genome-wide association meta-analyses combining multiple risk phenotypes provide insights into the genetic architecture of cutaneous melanoma susceptibility.,Nevus count or cutaneous melanoma,"36,760 European ancestry cutaneous melanoma cases, 375,188 European ancestry controls, 12,930 European ancestry individuals, 52,847 individuals",,17p13.1,17,7668434,TP53,TP53,,,ENSG00000141510,,,rs78378222-T,rs78378222,0,78378222,3_prime_UTR_variant,0,0.9891746,3E-12,11.522878745280337,,,,"Affymetrix, Illumina [NR] (imputed)",N
2020-07-23,32341527,Landi MT,2020-04-27,Nat Genet,www.ncbi.nlm.nih.gov/pubmed/32341527,Genome-wide association meta-analyses combining multiple risk phenotypes provide insights into the genetic architecture of cutaneous melanoma susceptibility.,Cutaneous malignant melanoma,"36,760 European ancestry cases, 375,188 European ancestry controls",,17p13.1,17,7671461,TP53,TP53,,,ENSG00000141510,,,rs1641548-C,rs1641548,0,1641548,intron_variant,0,0.8245,1E-9,9.0,,1.0812,NR,"Affymetrix, Illumina [NR] (imputed)",N
2018-07-20,29743610,Ostrom QT,2018-05-09,Sci Rep,www.ncbi.nlm.nih.gov/pubmed/29743610,"Sex-specific glioma genome-wide association study identifies new risk locus at 3p21.31 in females, and finds sex-differences in risk at 8q24.21.",Glioblastoma,"2,835 European ancestry male cases, 1,682 European ancestry female cases, 5,216 European ancestry male controls, 5,470 European ancestry female controls",,17p13.1,17,7668434,TP53,TP53,,,ENSG00000141510,,,rs78378222-G,rs78378222,0,78378222,3_prime_UTR_variant,0,NR,2E-9,8.698970004336019,(females),2.67,[1.93-3.68],"Affymetrix, Illumina [NR] (imputed)",N
2018-07-20,29743610,Ostrom QT,2018-05-09,Sci Rep,www.ncbi.nlm.nih.gov/pubmed/29743610,"Sex-specific glioma genome-wide association study identifies new risk locus at 3p21.31 in females, and finds sex-differences in risk at 8q24.21.",Non-glioblastoma glioma,"1,716 European ancestry male cases, 1,320 European ancestry female cases, 5,216 European ancestry male controls, 5,470 European ancestry female controls",,17p13.1,17,7668434,TP53,TP53,,,ENSG00000141510,,,rs78378222-G,rs78378222,0,78378222,3_prime_UTR_variant,0,NR,1E-10,10.0,(males),2.79,[2.04-3.80],"Affymetrix, Illumina [NR] (imputed)",N
2018-07-20,29743610,Ostrom QT,2018-05-09,Sci Rep,www.ncbi.nlm.nih.gov/pubmed/29743610,"Sex-specific glioma genome-wide association study identifies new risk locus at 3p21.31 in females, and finds sex-differences in risk at 8q24.21.",Non-glioblastoma glioma,"1,716 European ancestry male cases, 1,320 European ancestry female cases, 5,216 European ancestry male controls, 5,470 European ancestry female controls",,17p13.1,17,7668434,TP53,TP53,,,ENSG00000141510,,,rs78378222-G,rs78378222,0,78378222,3_prime_UTR_variant,0,NR,4E-8,7.3979400086720375,(females),2.7,[1.89-3.85],"Affymetrix, Illumina [NR] (imputed)",N
2018-07-20,29743610,Ostrom QT,2018-05-09,Sci Rep,www.ncbi.nlm.nih.gov/pubmed/29743610,"Sex-specific glioma genome-wide association study identifies new risk locus at 3p21.31 in females, and finds sex-differences in risk at 8q24.21.",Glioma,"4,831 European ancestry male cases, 3,206 European ancestry female cases, 5,216 European ancestry male controls, 5,470 European ancestry female controls",,17p13.1,17,7668434,TP53,TP53,,,ENSG00000141510,,,rs78378222-G,rs78378222,0,78378222,3_prime_UTR_variant,0,NR,3E-17,16.522878745280337,(males),2.41,[1.97-2.96],"Affymetrix, Illumina [NR] (imputed)",N
2018-07-20,29743610,Ostrom QT,2018-05-09,Sci Rep,www.ncbi.nlm.nih.gov/pubmed/29743610,"Sex-specific glioma genome-wide association study identifies new risk locus at 3p21.31 in females, and finds sex-differences in risk at 8q24.21.",Glioma,"4,831 European ancestry male cases, 3,206 European ancestry female cases, 5,216 European ancestry male controls, 5,470 European ancestry female controls",,17p13.1,17,7668434,TP53,TP53,,,ENSG00000141510,,,rs78378222-G,rs78378222,0,78378222,3_prime_UTR_variant,0,NR,2E-12,11.698970004336019,(females),2.43,[1.90-3.12],"Affymetrix, Illumina [NR] (imputed)",N
2018-07-20,29743610,Ostrom QT,2018-05-09,Sci Rep,www.ncbi.nlm.nih.gov/pubmed/29743610,"Sex-specific glioma genome-wide association study identifies new risk locus at 3p21.31 in females, and finds sex-differences in risk at 8q24.21.",Glioblastoma,"2,835 European ancestry male cases, 1,682 European ancestry female cases, 5,216 European ancestry male controls, 5,470 European ancestry female controls",,17p13.1,17,7668434,TP53,TP53,,,ENSG00000141510,,,rs78378222-G,rs78378222,0,78378222,3_prime_UTR_variant,0,NR,1E-14,14.0,(males),2.65,[2.07-3.40],"Affymetrix, Illumina [NR] (imputed)",N
2019-03-07,30578418,Giri A,2018-12-21,Nat Genet,www.ncbi.nlm.nih.gov/pubmed/30578418,"Trans-ethnic association study of blood pressure determinants in over 750,000 individuals.",Pulse pressure,"365,998 European ancestry individuals, 63,490 African ancestry individuals, 22,802 Hispanic individuals, 4,792 Asian ancestry individuals, 2,695 Native American ancestry individuals","299,024 European ancestry individuals, 17,277 individuals",17p13.1,17,7668434,TP53,TP53,,,ENSG00000141510,,,rs78378222-G,rs78378222,0,78378222,3_prime_UTR_variant,0,0.9886,8E-23,22.096910013008056,,1.3305,[1.07-1.6] mmHg increase,Affymetrix [NR] (imputed),N
2016-02-12,26014426,Ruth KS,2015-05-27,Eur J Hum Genet,www.ncbi.nlm.nih.gov/pubmed/26014426,Genome-wide association study with 1000 genomes imputation identifies signals for nine sex hormone-related phenotypes.,Sex hormone levels,up to 2913 European ancestry individuals,,17p13.1,17,7671457,"SHBG, TP53",TP53,,,ENSG00000141510,,,rs1641549-T,rs1641549,0,1641549,intron_variant,0,0.239,1E-15,15.0,(SHBG),0.127,[NR] unit decrease,Illumina [7879351] (imputed),N
2017-07-01,28135244,Warren HR,2017-01-30,Nat Genet,www.ncbi.nlm.nih.gov/pubmed/28135244,Genome-wide association analysis identifies novel blood pressure loci and offers biological insights into cardiovascular risk.,Pulse pressure,"140,886 European ancestry individuals","190,318 European ancestry individuals",17p13.1,17,7668434,"TP53, SLC2A4",TP53,,,ENSG00000141510,,,rs78378222-T,rs78378222,0,78378222,3_prime_UTR_variant,0,0.99,2E-10,9.698970004336019,,0.904,[0.63-1.18] unit increase,Affymetrix [~ 9800000] (imputed),N
2017-07-01,28135244,Warren HR,2017-01-30,Nat Genet,www.ncbi.nlm.nih.gov/pubmed/28135244,Genome-wide association analysis identifies novel blood pressure loci and offers biological insights into cardiovascular risk.,Pulse pressure,"140,886 European ancestry individuals","190,318 European ancestry individuals",17p13.1,17,7624628,"TP53, SLC2A4",SHBG,,,ENSG00000129214,,,rs62059837-C,rs62059837,0,62059837,intron_variant,0,0.114845119,2E-7,6.698970004336019,,0.2634,[0.16-0.36] unit decrease,Affymetrix [~ 9800000] (imputed),N
2019-02-10,27841878,Hoffmann TJ,2016-11-14,Nat Genet,www.ncbi.nlm.nih.gov/pubmed/27841878,Genome-wide association analyses using electronic health records identify new loci influencing blood pressure variation.,Diastolic blood pressure,"295,529 European ancestry individuals, 8,231 Latino individuals, 3,058 African American individuals, 2,029 African British individuals, 7,701 East Asian ancestry individuals, 2,735 South Asian ancestry individuals, 1,979 mixed and unknown ancestry individuals",,17p13.1,17,7668434,TP53,TP53,,,ENSG00000141510,,,rs78378222-T,rs78378222,0,78378222,3_prime_UTR_variant,0,,1E-8,8.0,,0.638,unit decrease,Affymetrix [at least 2696785] (imputed),N
2017-07-01,28135244,Warren HR,2017-01-30,Nat Genet,www.ncbi.nlm.nih.gov/pubmed/28135244,Genome-wide association analysis identifies novel blood pressure loci and offers biological insights into cardiovascular risk.,Diastolic blood pressure,"140,886 European ancestry individuals","190,318 European ancestry individuals",17p13.1,17,7281743,"TP53, SLC2A4",SLC2A4,,,ENSG00000181856,,,rs5417-A,rs5417,0,5417,5_prime_UTR_variant,0,0.57,1E-13,13.0,,0.207,[0.15-0.27] unit increase,Affymetrix [~ 9800000] (imputed),N
2019-02-10,27841878,Hoffmann TJ,2016-11-14,Nat Genet,www.ncbi.nlm.nih.gov/pubmed/27841878,Genome-wide association analyses using electronic health records identify new loci influencing blood pressure variation.,Pulse pressure,"295,529 European ancestry individuals, 8,231 Latino individuals, 3,058 African American individuals, 2,029 African British individuals, 7,701 East Asian ancestry individuals, 2,735 South Asian ancestry individuals, 1,979 mixed and unknown ancestry individuals",,17p13.1,17,7668434,TP53,TP53,,,ENSG00000141510,,,rs78378222-T,rs78378222,0,78378222,3_prime_UTR_variant,0,,4E-13,12.397940008672037,,0.875,unit increase,Affymetrix [at least 2696785] (imputed),N
2017-07-13,28346443,Melin BS,2017-03-27,Nat Genet,www.ncbi.nlm.nih.gov/pubmed/28346443,Genome-wide association study of glioma subtypes identifies specific differences in genetic susceptibility to glioblastoma and non-glioblastoma tumors.,Glioblastoma,"6,191 European ancestry cases, 18,190 European ancestry controls.",,17p13.1,17,7668434,TP53,TP53,,,ENSG00000141510,,,rs78378222-G,rs78378222,0,78378222,3_prime_UTR_variant,0,0.013,5E-29,28.30102999566398,,2.63,2.22-3.11,Illumina [at least 6790270] (imputed),N
2017-07-13,28346443,Melin BS,2017-03-27,Nat Genet,www.ncbi.nlm.nih.gov/pubmed/28346443,Genome-wide association study of glioma subtypes identifies specific differences in genetic susceptibility to glioblastoma and non-glioblastoma tumors.,Non-glioblastoma glioma,"5,819 European ancestry cases, 18,190 European ancestry controls.",,17p13.1,17,7668434,TP53,TP53,,,ENSG00000141510,,,rs78378222-G,rs78378222,0,78378222,3_prime_UTR_variant,0,0.013,5E-27,26.30102999566398,,2.73,2.27-3.28,Illumina [at least 6769856] (imputed),N
2017-07-13,28346443,Melin BS,2017-03-27,Nat Genet,www.ncbi.nlm.nih.gov/pubmed/28346443,Genome-wide association study of glioma subtypes identifies specific differences in genetic susceptibility to glioblastoma and non-glioblastoma tumors.,Glioma,"12,469 European ancestry cases, 18,190 European ancestry controls.",,17p13.1,17,7668434,TP53,TP53,,,ENSG00000141510,,,rs78378222-G,rs78378222,0,78378222,3_prime_UTR_variant,0,0.013,9E-38,37.045757490560675,,2.53,2.19-2.91,Illumina [at least 6887412] (imputed),N
2018-10-19,30194396,Rafnar T,2018-09-07,Nat Commun,www.ncbi.nlm.nih.gov/pubmed/30194396,Variants associating with uterine leiomyoma highlight genetic background shared by various cancers and hormone-related traits.,Uterine fibroids,"16,595 European ancestry cases, 523,330 European ancestry controls",,17p13.1,17,7668434,TP53,TP53,,,ENSG00000141510,,,rs78378222-G,rs78378222,0,78378222,3_prime_UTR_variant,0,0.01827,4E-37,36.39794000867204,,1.74,[1.6-1.89],"Affymetrix, Illumina [43421991] (imputed)",N
2014-02-04,21946351,Stacey SN,2011-09-25,Nat Genet,www.ncbi.nlm.nih.gov/pubmed/21946351,A germline variant in the TP53 polyadenylation signal confers cancer susceptibility.,Basal cell carcinoma,"2,121 European ancestry cases, 39,614 European ancestry controls","2,506 European and other ancestry cases, 15,101 European and other ancestry controls",17p13.1,17,7668434,TP53,TP53,,,ENSG00000141510,,,rs78378222-C,rs78378222,0,78378222,3_prime_UTR_variant,0,NR,2E-20,19.69897000433602,,2.16,[1.83-2.54],Illumina [~ 16000000] (imputed),N
2014-10-02,24403052,Stacey SN,2014-01-08,Hum Mol Genet,www.ncbi.nlm.nih.gov/pubmed/24403052,Germline sequence variants in TGM3 and RGS22 confer risk of basal cell carcinoma.,Basal cell carcinoma,"4,208 European ancestry cases, 109,408 European ancestry controls","up to 1,480 European ancestry cases, up to 4,610 European ancestry controls",17p13.1,17,7668434,TP53,TP53,,,ENSG00000141510,,,rs78378222-G,rs78378222,0,78378222,3_prime_UTR_variant,0,,4E-22,21.397940008672037,,2.24,[1.90-2.64],Illumina [38500000] (imputed),N
2015-11-21,25855136,Stacey SN,2015-04-09,Nat Commun,www.ncbi.nlm.nih.gov/pubmed/25855136,New basal cell carcinoma susceptibility loci.,Basal cell carcinoma,"4,572 European ancestry cases, 266,358 European ancestry controls","up to 956 European ancestry cases, up to 4,214 European ancestry controls, 526 cases, 528 controls",17p13.1,17,7668434,TP53,TP53,,,ENSG00000141510,,,rs78378222-G,rs78378222,0,78378222,3_prime_UTR_variant,0,0.018,1E-20,20.0,,2.07,[NR],Illumina [24988228] (imputed),N
2015-04-16,25129146,Wu C,2014-08-17,Nat Genet,www.ncbi.nlm.nih.gov/pubmed/25129146,Joint analysis of three genome-wide association studies of esophageal squamous cell carcinoma in Chinese populations.,Esophageal squamous cell carcinoma,"5,337 Han Chinese ancestry cases, 5,787 Han Chinese ancestry controls","9,654 Han Chinese ancestry cases, 10,058 Han Chinese ancestry  controls",17p13.1,17,7654516,"TP53, ATP1B2",ATP1B2,,,ENSG00000129244,,,rs1642764-C,rs1642764,0,1642764,intron_variant,0,0.501,3E-13,12.522878745280337,,1.14,[1.1-1.18],"Affymetrix, Illumina [7556215] (imputed)",N
2019-08-05,31043758,Warrington NM,2019-05-01,Nat Genet,www.ncbi.nlm.nih.gov/pubmed/31043758,Maternal and fetal genetic effects on birth weight and their relevance to cardio-metabolic risk factors.,Birth weight,"298,142 European ancestry individuals, 6,635 African American individuals, 1,449 Filipino individuals, 420 Turkish individuals, 365 Moroccan individuals, 395 Surinamese individuals, 1,052 Afro-Caribbean individuals, 612 Hispanic individuals, 1,180 Thai individuals, 840 Chinese ancestry individuals, 10,133 individuals",NR,17p13.1,17,7668434,TP53,TP53,,,ENSG00000141510,,,rs78378222-G,rs78378222,0,78378222,3_prime_UTR_variant,0,0.013234,2E-11,10.698970004336019,,0.07863,[0.056-0.102] unit increase,"Affymetrix, Illumina [15144367] (imputed)",N
2020-10-23,32665545,van der Meer D,2020-07-14,Nat Commun,www.ncbi.nlm.nih.gov/pubmed/32665545,Understanding the genetic determinants of the brain with MOSTest.,Brain morphology (MOSTest),"26,502 European ancestry individuals",,17p13.1,17,7633209,"TMEM102, FGF11, CHRNB1, ZBTB4, SLC35G6, POLR2A, TNFSF12, TNFSF12-TNFSF13, TNFSF13, SENP3, EIF4A1, CD68, MPDU1, SOX15, FXR2, AC007421.1, SHBG, SAT2, ATP1B2, TP53, DNAH2, KDM6B, TMEM88, LSMD1, CYB5D1",SHBG,,,ENSG00000129214,,,rs6259-?,rs6259,0,6259,missense_variant,0,,3E-9,8.522878745280337,,,,NR [7428630] (imputed),N
2018-11-01,30152087,Ostrom QT,2018-08-27,Int J Cancer,www.ncbi.nlm.nih.gov/pubmed/30152087,Age-specific genome-wide association study in glioblastoma identifies increased proportion of 'lower grade glioma'-like features associated with younger age.,Glioblastoma (age-stratified),"1,533 cases diagnosed below median age, 1,476 cases diagnosed at median age, 1,503 cases diagnosed above median age, 10,582 controls,",,17p13.1,17,7668434,TP53,TP53,,,ENSG00000141510,,,rs78378222-G,rs78378222,0,78378222,3_prime_UTR_variant,0,NR,4E-13,12.397940008672037,(Above median age-at-diagnosis),3.26,[2.37-4.48],NR [NR] (imputed),N
2018-11-01,30152087,Ostrom QT,2018-08-27,Int J Cancer,www.ncbi.nlm.nih.gov/pubmed/30152087,Age-specific genome-wide association study in glioblastoma identifies increased proportion of 'lower grade glioma'-like features associated with younger age.,Glioblastoma (age-stratified),"1,533 cases diagnosed below median age, 1,476 cases diagnosed at median age, 1,503 cases diagnosed above median age, 10,582 controls,",,17p13.1,17,7668434,TP53,TP53,,,ENSG00000141510,,,rs78378222-G,rs78378222,0,78378222,3_prime_UTR_variant,0,NR,9E-16,15.045757490560675,(Below median age-at-diagnosis),3.8,[2.74-5.25],NR [NR] (imputed),N
2018-11-01,30152087,Ostrom QT,2018-08-27,Int J Cancer,www.ncbi.nlm.nih.gov/pubmed/30152087,Age-specific genome-wide association study in glioblastoma identifies increased proportion of 'lower grade glioma'-like features associated with younger age.,Glioblastoma (age-stratified),"1,533 cases diagnosed below median age, 1,476 cases diagnosed at median age, 1,503 cases diagnosed above median age, 10,582 controls,",,17p13.1,17,7668434,TP53,TP53,,,ENSG00000141510,,,rs78378222-G,rs78378222,0,78378222,3_prime_UTR_variant,0,NR,3E-8,7.522878745280337,(Median age-at-diagnosis),2.54,[1.83-3.53],NR [NR] (imputed),N
2020-09-18,32888494,Vuckovic D,2020-09-01,Cell,www.ncbi.nlm.nih.gov/pubmed/32888494,The Polygenic and Monogenic Basis of Blood Traits and Diseases.,Mean corpuscular volume,"408,112 British individuals",,17p13.1,17,7668434,TP53,TP53,,,ENSG00000141510,,,rs78378222-G,rs78378222,0,78378222,3_prime_UTR_variant,0,0.012315,1E-20,20.0,,0.0964134,[0.078-0.115] unit decrease,Affymetrix [93095623] (imputed),N
2020-09-18,32888494,Vuckovic D,2020-09-01,Cell,www.ncbi.nlm.nih.gov/pubmed/32888494,The Polygenic and Monogenic Basis of Blood Traits and Diseases.,Mean spheric corpuscular volume,"408,112 British individuals",,17p13.1,17,7668434,TP53,TP53,,,ENSG00000141510,,,rs78378222-G,rs78378222,0,78378222,3_prime_UTR_variant,0,0.01235,2E-22,21.69897000433602,,0.10048521,[0.08-0.121] unit decrease,Affymetrix [93095623] (imputed),N
2021-05-05,33888516,Zheng T,2021-04-22,Gut,www.ncbi.nlm.nih.gov/pubmed/33888516,Genome-wide analysis of 944 133 individuals provides insights into the etiology of haemorrhoidal disease.,Haemorrhoidal disease,"218,920 European ancestry cases, 725,213 European ancestry controls",,17p13.1,17,7668434,TP53,TP53,,,ENSG00000141510,,,rs78378222-?,rs78378222,0,78378222,3_prime_UTR_variant,0,0.012499999999999956,5E-10,9.301029995663981,,1.12,[1.08-1.16],"Affymetrix, Illumina [8494288] (imputed)",N
2020-09-18,32888494,Vuckovic D,2020-09-01,Cell,www.ncbi.nlm.nih.gov/pubmed/32888494,The Polygenic and Monogenic Basis of Blood Traits and Diseases.,Mean corpuscular hemoglobin,"408,112 British individuals",,17p13.1,17,7668434,TP53,TP53,,,ENSG00000141510,,,rs78378222-G,rs78378222,0,78378222,3_prime_UTR_variant,0,0.012315,1E-22,22.0,,0.100040965,[0.08-0.12] unit decrease,Affymetrix [93095623] (imputed),N
2019-08-13,31249589,Edwards TL,2019-06-12,Front Genet,www.ncbi.nlm.nih.gov/pubmed/31249589,A Trans-Ethnic Genome-Wide Association Study of Uterine Fibroids.,Uterine fibroids,"8,168 European ancestry cases, 65,134 European ancestry controls, 1,278 African ancestry cases, 1,914 African ancestry  controls","12,111 European ancestry cases, 138,477 European ancestry controls, 247 African ancestry cases, 713 African ancestry controls",17p13.1,17,7668434,TP53,TP53,,,ENSG00000141510,,,rs78378222-G,rs78378222,0,78378222,3_prime_UTR_variant,0,0.01,3E-33,32.52287874528034,,1.8518518,[1.67-2.04],"Affymetrix, Illumina [NR] (imputed)",N
2021-03-01,33549134,Adolphe C,2021-02-06,Genome Med,www.ncbi.nlm.nih.gov/pubmed/33549134,Genetic and functional interaction network analysis reveals global enrichment of regulatory T cell genes influencing basal cell carcinoma susceptibility.,Basal cell carcinoma,"17,416 European ancestry cases, 375,455 European ancestry controls",,17p13.1,17,7668434,TP53,TP53,,,ENSG00000141510,,,rs78378222-G,rs78378222,0,78378222,3_prime_UTR_variant,0,0.0112281,8E-27,26.096910013008056,,0.45094877,[0.37-0.53] unit increase,Affymetrix [7260263] (imputed),N
2020-09-18,32888494,Vuckovic D,2020-09-01,Cell,www.ncbi.nlm.nih.gov/pubmed/32888494,The Polygenic and Monogenic Basis of Blood Traits and Diseases.,Monocyte percentage of white cells,"408,112 British individuals",,17p13.1,17,7668434,TP53,TP53,,,ENSG00000141510,,,rs78378222-G,rs78378222,0,78378222,3_prime_UTR_variant,0,0.012351,3E-9,8.522878745280337,,0.060703274,[0.041-0.081] unit decrease,Affymetrix [93095623] (imputed),N
2020-09-18,32888494,Vuckovic D,2020-09-01,Cell,www.ncbi.nlm.nih.gov/pubmed/32888494,The Polygenic and Monogenic Basis of Blood Traits and Diseases.,Mean reticulocyte volume,"408,112 British individuals",,17p13.1,17,7668434,TP53,TP53,,,ENSG00000141510,,,rs78378222-G,rs78378222,0,78378222,3_prime_UTR_variant,0,0.012293,2E-12,11.698970004336019,,0.07316113,[0.053-0.094] unit decrease,Affymetrix [93095623] (imputed),N
2020-09-18,32888494,Vuckovic D,2020-09-01,Cell,www.ncbi.nlm.nih.gov/pubmed/32888494,The Polygenic and Monogenic Basis of Blood Traits and Diseases.,Red blood cell count,"408,112 British individuals",,17p13.1,17,7668434,TP53,TP53,,,ENSG00000141510,,,rs78378222-G,rs78378222,0,78378222,3_prime_UTR_variant,0,0.012331,3E-21,20.522878745280337,,0.09691015,[0.077-0.117] unit increase,Affymetrix [93095623] (imputed),N
