dbsnp_id,dbsnp_variant_type,significances,origins,diseases
rs2073488821,delins,pathogenic,germline,Li-Fraumeni syndrome
rs2073485631,delins,pathogenic,germline,Li-Fraumeni syndrome
rs2073481789,delins,pathogenic,germline,Hereditary cancer-predisposing syndrome
rs2073481527,delins,pathogenic,germline,Li-Fraumeni syndrome
rs2073470833,delins,pathogenic,germline,Li-Fraumeni syndrome
rs2073458214,del,pathogenic,germline,Li-Fraumeni syndrome
rs2073457407,del,pathogenic,germline,Li-Fraumeni syndrome
rs2073453049,del,pathogenic,germline,Hereditary cancer-predisposing syndrome
rs2073448940,delins,pathogenic,germline,Li-Fraumeni syndrome
rs2073402086,delins,pathogenic,germline,Li-Fraumeni syndrome
rs2073394466,delins,pathogenic,germline,Li-Fraumeni syndrome
rs2073391946,delins,pathogenic,somatic,Colorectal cancer
rs2073351094,delins,pathogenic,germline,Li-Fraumeni syndrome
rs2073348422,delins,pathogenic,germline,Li-Fraumeni syndrome
rs2073347757,del,pathogenic,germline,Li-Fraumeni syndrome
rs2073345648,del,pathogenic,germline,Li-Fraumeni syndrome
rs2073338748,delins,pathogenic,germline,Hereditary cancer-predisposing syndrome
rs2073336758,snv,pathogenic,somatic,Lip and oral cavity carcinoma
rs2073332970,delins,pathogenic,germline,Li-Fraumeni syndrome
rs2073329654,delins,pathogenic,somatic,Malignant tumor of esophagus
